{"ts": 1781480189.9465907, "run_id": "27515666389", "kayit": 1900, "son_ts": 1781480189.4264047, "ilk_ts": 1781170058.1046224}